sight,priority,value_10,uniqueness_10,time_cost,detour_cost,why
Lofoten: Reine/Hamnøy/Å,S,10,10,1.5–3 d,low,Core iconic Arctic mountain/coast landscape
Lofoten: Henningsvær/Nusfjord,A,9,9,0.5–1 d,low,Villages + scenery; efficient on route
Ryten/Kvalvika,A,9,9,5–7 h,medium,Best-value Lofoten hike if weather is good
Reinebringen,A,9,9,3–4 h,low,Huge view for short time; steep stairs/crowds
Senja Scenic Route,S,9,10,1–2 d,low,Highly distinctive and less repetitive if linked by ferry
Hesten / Segla viewpoint,A,9,9,4–6 h,low,Best Senja hike/value
Andøya Scenic Route / Bleik,A,8,9,0.5–1 d,low,Excellent bridge between Senja and Lofoten
Tromsø/Kvaløya/Sommarøy,A,8,8,1–2 d,low,Good arrival region; coastal variety
Saltstraumen,B,7,8,2–3 h,low,Easy unique stop before train
Nordland Railway,A,8,9,~10 h,none,Transfer day doubles as scenic experience
Trondheim/Nidaros,B,7,8,0.5–1 d,low,Best cultural reset on route
Atlantic Road,A,8,8,2–4 h,low,Iconic engineering/coast; short high-value drive
Ålesund/Aksla,A,8,8,0.5–1 d,low,Strong city + mountain/ocean setting
Geirangerfjord,S,10,10,1–2 d,low,One of route's irreplaceable fjord experiences
Gamle Strynefjellsvegen,A,9,9,2–4 h,low,Historic high road; seasonal
Loen/Lovatnet/Olden,S,10,9,1–2 d,low,Glacier-fed lakes + steep mountains
Gaularfjellet/Utsikten,A,8,9,3–5 h,low,Excellent quiet scenic-road alternative
Balestrand/Sognefjord,A,9,9,1 d,low,Classic fjord base with low detour
Aurlandsfjellet/Stegastein,S,9,10,0.5–1 d,low,High road + fjord contrast
Flåm Railway,B,7,8,2–4 h,low,Good scenic train but expensive/crowded
Bergen/Bryggen/Fløyen,A,8,9,1–2 d,low,Best urban anchor on west coast
Hardanger/Låtefoss,A,8,8,0.5–1 d,low,Efficient fjord/waterfall corridor
Trolltunga,A,9,9,10–14 h,high,Great hike but expensive in time; add 2 days
Preikestolen,S,9,10,4–6 h,low,Top-value southern finale
Stavanger,B,7,8,0.5–1 d,low,Pleasant city; mainly route-end hub
Trollstigen,A,9,9,2–4 h,medium,Only if officially open; route must not depend on it
